F9B1,001
F9B2,002
F97E,003
F9A5,004
F99A,005
F949,006
F8F7,007
F8F8,008
F8D9,009
F9E2,010
F9E1,011
F8DC,012
F8C9,013
F8E3,014
F9DD,015
F8C8,016
F9B8,017
F9A3,018
F8E4,019
F8D5,020
F9EB,021
F8C5,022
F978,023
F8E2,024
F8DA,025
F8ED,026
F956,027
F9ED,028
F950,029
F980,030
F9D5,031
F95E,032
F9E6,033
F8A7,034
F8A8,035
F8A9,036
F8AA,037
F8AB,038
F8AC,039
F8AD,040
F8AE,041
F8AF,042
F8B0,043
F8B1,044
F8B2,045
F8CB,046
F9D6,047
F946,048
F945,049
F9F9,050
F9F4,051
F9F5,052
F9FA,053
F9F6,054
F9F3,055
F9BF,056
F99D,057
F9AD,058
F9B6,059
F9B9,060
F8DD,061
F8D1,062
F8D3,063
F9FB,064
F8D2,065
F9F0,066
F8F3,067
F9DE,068
F95D,069
F8DE,070
F8F2,071
F8FB,072
F995,073
F9CF,075
F9C6,076
F9CE,077
F9CB,078
F9CA,079
F997,080
F998,081
F9D0,082
F996,083
F9C9,084
F9D3,085
F9C8,086
F9C7,087
F9C5,088
F9D1,089
F9D2,090
F9CD,091
F9F7,092
F9F8,093
F9FC,094
F999,095
F974,096
F983,097
F9A0,098
F8D4,099
F9F2,100
F9F1,101
F8E7,102
F9EF,103
F9EA,104
F9E7,105
F9E9,106
F9EE,107
F8F9,108
F97B,109
F984,110
F9E5,111
F9E0,112
F8EC,113
F8CC,114
F99F,115
F8D6,116
F8F6,117
F9A2,118
F8F4,119
F8F5,120
F9CC,121
F991,122
F992,123
F994,124
F993,125
F8C4,126
F8C7,127
F8CA,128
F97C,129
F9AA,130
F975,131
F976,132
F9C3,133
F97D,134
F99E,135
F977,136
F973,137
F9BC,138
F9EC,139
F8EA,140
F8D7,141
F986,142
F9BA,143
F9B4,144
F941,145
F942,146
F943,147
F940,148
F944,149
F9AB,150
F9AC,151
F9A1,152
F9A6,153
F8D8,154
F8DB,155
F982,156
F9D4,157
F957,158
F8E1,159
F99B,160
F9A4,161
F990,162
F987,163
F988,164
F989,165
F98A,166
F98B,167
F98C,168
F98D,169
F98E,170
F98F,171
F9B0,172
F95C,173
F8CD,174
F9BB,175
F952,176
F9BE,177
F955,178
F8E9,179
F972,180
F8BB,181
F8C6,182
F951,183
F8E6,184
F9DA,185
F8D0,186
F8E5,187
F9C0,188
F9DB,189
F9B5,190
F9C1,191
F9E3,192
F981,193
F9D9,194
F985,195
F9B3,196
F8FA,197
F9A7,198
F9A8,199
F9A9,200
F9AE,201
F9AF,202
F8CE,203
F8E0,204
F95B,205
F99C,206
F8B4,207
F8B7,208
F8B6,209
F8B9,210
F8BA,211
F8B8,212
F9B7,213
F8B5,214
F9D8,215
F8E8,216
F8DF,217
F9D7,218
F8CF,219
F8EF,220
F8F1,221
F8EE,222
F8F0,223
F9E8,224
F8EB,225
F8BC,226
F8BF,227
F8C0,228
F8BD,229
F8C1,230
F8BE,231
F9C2,232
F8C2,233
F947,234
F8C3,235
F9DC,236
F9C4,237
F9E4,238
F89F,239
F8A0,240
F8A1,241
F8A6,242
F8A2,243
F8A4,244
F8A3,245
F8A5,246
F8FC,247
F9BD,248
F948,249
F97A,250
