EE8081,074
EE8082,039
EE8083,135
EE8084,074
EE8085,039
EE8086,196
EE8087,197
EE8088,024
EE8089,216
EE808A,179
EE808B,096
EE808C,175
EE808D,118
EE808E,121
EE808F,005
EE8090,119
EE8091,120
EE8092,117
EE8093,212
EE8094,214
EE8095,209
EE8096,207
EE8097,213
EE8098,208
EE8099,045
EE809A,050
EE809B,227
EE809C,234
EE809D,235
EE809E,226
EE809F,231
EE80A0,199
EE80A1,198
EE80A2,122
EE80A3,125
EE80A4,032
EE80A5,032
EE80A6,032
EE80A7,032
EE80A8,032
EE80A9,032
EE80AA,032
EE80AB,032
EE80AC,032
EE80AD,032
EE80AE,032
EE80AE,032
EE80AF,028
EE80B1,056
EE80B2,224
EE80B3,249
EE80B4,188
EE80B5,188
EE80B6,126
EE80B8,022
EE80BA,114
EE80BB,111
EE80BC,141
EE80BD,154
EE80BE,160
EE80BF,134
EE8183,186
EE8184,065
EE8185,062
EE8186,103
EE8187,063
EE8188,243
EE8189,240
EE818A,239
EE818B,241
EE818C,147
EE818D,136
EE818F,048
EE8190,038
EE8192,049
EE8195,052
EE8196,074
EE8197,074
EE8198,080
EE8199,083
EE819A,219
EE8481,182
EE8482,182
EE8483,137
EE8484,180
EE8485,091
EE8486,078
EE8487,094
EE8488,086
EE848B,053
EE848E,056
EE848F,098
EE8490,033
EE8491,135
EE8492,184
EE8494,193
EE8495,215
EE8498,139
EE8499,139
EE849D,018
EE849E,014
EE849F,027
EE84A0,099
EE84A3,206
EE84A4,025
EE84A5,217
EE84A6,026
EE84A7,026
EE84AA,225
EE84AB,113
EE84AE,[VS]
EE84AF,143
EE84B1,056
EE84B2,211
EE84B3,[777]
EE84B4,050
EE84B5,234
EE84B6,232
EE84B8,[♂]
EE84B9,[♀]
EE84BC,153
EE84BD,245
EE84BE,020
EE84BF,206
EE8580,219
EE8584,134
EE8585,134
EE8588,019
EE8589,[$\]
EE858D,016
EE858E,203
EE858F,174
EE8591,219
EE8593,182
EE8594,013
EE8595,127
EE8596,046
EE8597,192
EE8598,128
EE8599,230
EE859A,227
EE8881,215
EE8882,233
EE8883,[ココ]
EE8884,057
EE8885,057
EE8886,057
EE8887,[18禁]
EE8888,159
EE888A,247
EE888C,222
EE888D,223
EE888E,220
EE888F,221
EE8890,195
EE8891,110
EE8892,156
EE8893,[UP]
EE8894,[COOL]
EE8895,250
EE8896,109
EE8897,[月]
EE8898,[申]
EE8899,148
EE889A,148
EE889B,148
EE889C,163
EE889D,164
EE889E,165
EE889F,166
EE88A0,167
EE88A1,168
EE88A2,169
EE88A3,170
EE88A4,171
EE88A5,162
EE88A6,[得]
EE88A7,[割]
EE88A9,129
EE88AA,112
EE88AB,068
EE88AC,[指]
EE88AD,[営]
EE88AE,↑
EE88AF,↓
EE88B0,←
EE88B1,→
EE88B2,↑
EE88B3,↓
EE88B4,→
EE88B5,←
EE88B6,009
EE88B7,008
EE88B8,007
EE88B9,006
EE88BA,＞
EE88BB,＜
EE88BC,≫
EE88BD,≪
EE88BF,034
EE8980,035
EE8981,036
EE8982,037
EE8983,038
EE8984,039
EE8985,040
EE8986,041
EE8987,042
EE8988,043
EE8989,044
EE898A,045
EE898C,[TOP]
EE898D,172
EE898E,047
EE898F,189
EE8991,[OFF]
EE8992,236
EE8C81,140
EE8C83,224
EE8C84,224
EE8C85,224
EE8C89,219
EE8C8A,155
EE8C8B,066
EE8C8C,163
EE8C8D,[祝]
EE8C8E,204
EE8C91,018
EE8C93,116
EE8C94,187
EE8C95,194
EE8C98,061
EE8C9A,020
EE8C9B,020
EE8C9C,190
EE8C9F,116
EE8CA0,116
EE8CA3,014
EE8CA4,029
EE8CA5,017
EE8CA6,161
EE8CA7,122
EE8CA8,123
EE8CA9,122
EE8CAA,122
EE8CAB,122
EE8CAC,122
EE8CAD,122
EE8CAE,115
EE8CAF,223
EE8CB0,058
EE8CB1,150
EE8CB2,[○]
EE8CB3,[×]
EE8CB4,152
EE8CB5,223
EE8CB6,199
EE8CB7,198
EE8CB8,133
EE8CB9,100
EE8CBE,107
EE8CBF,107
EE8D80,101
EE8D81,107
EE8D82,107
EE8D83,107
EE8D84,107
EE8D85,104
EE8D8B,102
EE8D8C,107
EE8D8D,107
EE9081,086
EE9082,089
EE9083,088
EE9084,093
EE9085,077
EE9086,082
EE9087,081
EE9088,153
EE9089,091
EE908A,076
EE908B,094
EE908D,075
EE908E,079
EE908F,086
EE9090,095
EE9091,090
EE9092,074
EE9093,085
EE9094,073
EE9095,074
EE9096,084
EE9097,(＞３＜)
EE9098,(´З｀)
EE9099,071
EE909A,[鼻]
EE909B,067
EE909C,135
EE909D,(＞人＜)
EE909E,117
EE909F,(ﾟ∀ﾟﾉﾉﾞ＜ﾊﾟﾁﾊﾟﾁｯ
EE90A0,172
EE90A1,004
EE90A2,117
EE90A3,157
EE90A4,172
EE90A5,127
EE90A6,m(_ _)m
EE90A7,＼(^Ｏ^)／
EE90AA,210
EE90AE,228
EE90B4,229
EE90B5,231
EE90BC,242
EE90BE,238
EE9183,244
EE9186,149
EE9188,249
EE9189,239
EE918B,158
EE9481,128
EE9482,012
EE9483,061
EE9487,154
EE949C,039
EE94A1,051
EE94A2,054
EE94A3,051
EE94A9,034
EE94AA,049
EE94AE,051
EE94B2,[A]
EE94B3,[B]
EE94B4,[AB]
EE94B5,[O]
EE94B6,108
EE94B7,218